{"cameraMode":{"drawMode":0,"name":"Shaded","section":"Shading Mode"},"sceneLighting":true,"audioPlay":false,"sceneViewState":{"m_AlwaysRefresh":false,"showFog":true,"showSkybox":true,"showFlares":true,"showImageEffects":true,"showParticleSystems":true,"showVisualEffectGraphs":true,"m_FxEnabled":true},"in2DMode":false,"pivot":{"x":100.39743041992188,"y":8.467674255371094,"z":99.48661041259766},"rotation":{"x":0.0000356638956873212,"y":0.9997749924659729,"z":0.0011902389815077186,"w":-0.02251064032316208},"size":35.772403717041019,"orthographic":false}