{"cameraMode":{"drawMode":0,"name":"Shaded","section":"Shading Mode"},"sceneLighting":false,"audioPlay":false,"sceneViewState":{"m_AlwaysRefresh":false,"showFog":true,"showSkybox":false,"showFlares":true,"showImageEffects":true,"showParticleSystems":true,"showVisualEffectGraphs":true,"m_FxEnabled":true},"in2DMode":false,"pivot":{"x":111.40008544921875,"y":2.512638807296753,"z":153.86248779296876},"rotation":{"x":-0.011441861279308796,"y":0.6874983310699463,"z":0.011465941555798054,"w":0.7263961434364319},"size":4.633076190948486,"orthographic":false}