{"cameraMode":{"drawMode":0,"name":"Shaded","section":"Shading Mode"},"sceneLighting":false,"audioPlay":false,"sceneViewState":{"m_AlwaysRefresh":false,"showFog":false,"showSkybox":false,"showFlares":false,"showImageEffects":false,"showParticleSystems":false,"showVisualEffectGraphs":true,"m_FxEnabled":true},"in2DMode":false,"pivot":{"x":-0.04447007179260254,"y":0.617511510848999,"z":0.14797914028167725},"rotation":{"x":-0.006106784101575613,"y":0.8036931157112122,"z":-0.008935367688536644,"w":-0.5953993201255798},"size":1.5398353338241578,"orthographic":false}