{"cameraMode":{"drawMode":0,"name":"Shaded","section":"Shading Mode"},"sceneLighting":false,"audioPlay":false,"sceneViewState":{"m_AlwaysRefresh":false,"showFog":true,"showSkybox":false,"showFlares":true,"showImageEffects":true,"showParticleSystems":true,"showVisualEffectGraphs":true,"m_FxEnabled":true},"in2DMode":false,"pivot":{"x":93.20915222167969,"y":0.7870303392410278,"z":149.50546264648438},"rotation":{"x":-0.10301342606544495,"y":0.7603585720062256,"z":-0.12450846284627915,"w":-0.6290860772132874},"size":1.6039140224456788,"orthographic":false}